segment_id,lon,lat,robinson_x,robinson_y
0,-63.586972876214595,-58.82424632960796,-4850514.613115019,-6220428.965373312
0,-64.1995664131912,-58.74559198460707,-4900787.745488305,-6212662.301934623
0,-65.23167479867378,-58.51894497665203,-4989927.730753826,-6190259.686381452
0,-66.25029732679596,-58.284125385067405,-5078703.934889851,-6167014.242470785
0,-67.28757778406698,-58.021032250256106,-5170529.277866981,-6140928.008723942
0,-68.30947553331785,-57.74962733029836,-5261891.974760343,-6113971.726864716
0,-69.33512262893893,-57.402319078274495,-5357493.147450748,-6079409.456649596
0,-70.27921045652164,-57.15009126609715,-5442601.222079764,-6054262.401455299
0,-72.00906710872721,-57.01547951011316,-5583194.013054057,-6040825.734361838
0,-73.35085862219759,-56.929892789819185,-5691514.477075271,-6032276.928046694
1,-60.37767595249221,11.339144013507385,-5671232.515328085,1212743.2308053733
1,-59.73986951002684,11.535299929983468,-5610254.223077071,1233722.4906725981
1,-59.1011743204559,11.730062808127467,-5549201.833816425,1254552.7608332036
1,-58.713966159087256,12.238305618248498,-5509967.760584772,1308910.3102885329
1,-58.32526585866935,12.746004247495927,-5470488.417370661,1363209.6331383975
1,-58.29209811434439,13.615227606868416,-5461889.045952611,1456174.6153081558
1,-58.25868570488638,14.484446541078185,-5452810.928431603,1549138.9632775488
1,-58.331789579454075,15.30082926867568,-5453620.491430962,1636452.7994871158
1,-58.40546566011892,16.117188069252677,-5454057.6882217275,1723763.1140154675
1,-58.62856371787413,16.809260770453804,-5469125.054004294,1797780.9205803992
2,-58.62856371787413,16.809260770453804,-5469125.054004294,1797780.9205803992
2,-58.90481551086729,17.658926642539242,-5487497.329097765,1888653.6243476153
2,-59.684428820210826,18.290187646144165,-5554392.153818202,1956167.9082145975
2,-60.46972662784545,18.91826468709849,-5621589.361721388,2023341.9368916815
2,-61.253754901980706,19.285559989786254,-5690954.080863744,2062625.0224675923
2,-62.04129219569281,19.649495795185803,-5760567.741786092,2101548.9354131566
2,-62.64610792992326,19.874941028675895,-5814494.740841815,2125660.982505927
3,-79.22334525760448,5.656230411895445,-7471841.902693213,604944.6799348566
3,-79.23584174053875,5.657108152212153,-7473017.096611905,605038.5559393291
4,-79.23584174053875,5.657108152212153,-7473017.096611905,605038.5559393291
4,-79.76249355974768,5.693853662187636,-7522544.170095701,608968.5584568671
4,-80.53108667723235,5.619518227608725,-7595323.778410256,601018.2416530544
4,-81.29948226715689,5.54417831527371,-7668091.949517774,592960.4939864281
4,-82.158260537015,5.745184412854081,-7748286.021088448,614458.480325783
4,-83.01764329545544,5.944907578128802,-7828507.96166409,635819.2543794428
4,-83.66799175572605,6.218662445718725,-7888665.1070666965,665097.8603740092
4,-84.3190167472395,6.491621566148639,-7948835.884453738,694291.3600462546
4,-84.97074686015668,6.763748834693113,-8009021.401529721,723395.8923663679
4,-85.6913629601028,7.2243713831644945,-8074715.862793643,772660.3587733179
4,-86.41344747817362,7.683860934713098,-8140400.123422638,821803.6546421127
4,-87.16374936766746,8.12197365818341,-8208697.780223116,868660.6646311149
4,-87.91568798779055,8.558709186019275,-8276997.498553497,915370.3897263798
4,-88.6693508978608,8.993989129705168,-8345300.60283899,961924.4478484209
4,-89.42482523949656,9.4277346659617,-8413608.422032865,1008314.4103752702
4,-90.18219770066813,9.8598665182125,-8481922.30200422,1054531.8001573915
4,-90.9415544775812,10.290304938742077,-8550243.759125473,1100567.8351914852
4,-91.70298123428714,10.718969691595536,-8618574.966758443,1146414.368055688
4,-92.360433522823,10.783439813095383,-8679858.32844771,1153309.5741162552
4,-93.01816462929914,10.846522807029217,-8741168.318769146,1160056.4242506314
4,-93.71420071370005,11.119938480811385,-8804344.450836636,1189298.768235359
4,-94.4115398670323,11.391751028096975,-8867559.319395155,1218369.6542774907
4,-95.23685203780305,11.596907070504676,-8943282.6446773,1240311.4948546553
4,-96.0633710024612,11.799718692363875,-9019071.62403288,1262002.5931933376
4,-96.89110599324509,12.000140220774314,-9094927.90588646,1283438.0638717806
4,-97.6731522856365,12.608739321814527,-9162419.583322719,1348528.894408477
4,-98.45891674706452,13.215053700933277,-9229827.17811813,1413375.3219816287
4,-99.24858834821903,13.818957925887831,-9297152.814075537,1477963.9135224272
4,-99.90090710511015,14.086221449276108,-9355151.493973143,1506548.1795764621
4,-100.55474965120665,14.351727712468556,-9413196.26738656,1534944.4859814593
4,-101.21013919938781,14.61543796743893,-9471289.03022733,1563148.6873928818
5,-79.22334525760448,5.656230411895445,-7471841.902693213,604944.6799348566
5,-80.07818521495989,5.2002302618754435,-7554204.979393243,556174.5912210162
5,-80.93178615541215,4.74308057814867,-7636410.09065563,507281.50111163955
5,-81.49441254418196,4.231908601961645,-7691284.410351699,452610.6988775051
5,-82.05629627438785,3.7203305813560035,-7745984.664970159,397896.4645879471
5,-82.61752771683423,3.2083961917348516,-7800496.720952204,343144.1116964679
5,-82.69963608590514,3.084452602980835,-7808595.709275928,329888.10947777604
6,-82.69963608590514,3.084452602980835,-7808595.709275928,329888.10947777604
6,-83.17076449446691,2.3726404119848596,-7854873.391111083,253758.43997388965
6,-83.64140804736672,1.6606681476364011,-7900730.173540876,177611.64505967044
6,-84.11171256914238,0.9485839747617991,-7946119.277137259,101452.87763144322
6,-84.5818235564679,0.2364359272746393,-7990992.777648174,25287.276586647447
6,-84.89639207592289,-0.5492875699225118,-8020574.835868822,-58747.360619304774
6,-85.2110433248736,-1.3349945066929285,-8049504.095117028,-142780.22517246514
6,-85.52589575418536,-2.1206611706064504,-8077856.999572566,-226808.77886148175
6,-85.84106809339701,-2.906263789793937,-8105711.789580774,-310830.4771189782
6,-85.95482565077575,-3.897788251944148,-8113409.288209216,-416875.89770667814
6,-86.06885181030545,-4.889297360260761,-8120561.630493394,-522919.65941041004
6,-86.18321608964217,-5.880787140638085,-8127296.591120299,-628961.4511153074
6,-86.29798882044098,-6.872253572205883,-8133603.830321628,-735000.6820806995
6,-85.93533285334723,-7.67721880114143,-8095395.074686916,-821093.2655651146
6,-85.57130082688155,-8.4818789730438,-8056719.651922452,-907153.2463668865
6,-85.20574101533305,-9.286200316455936,-8017535.391727888,-993177.0239220671
6,-84.83849946070053,-10.09014852180945,-7977800.772828472,-1079160.7189139067
6,-84.46941973715124,-10.893688683775505,-7937476.627324643,-1165100.9074766405
6,-84.00922799782816,-11.668853778739322,-7888382.107619502,-1248006.335809105
6,-83.54645851710076,-12.443282651955824,-7838643.632304307,-1330832.9930616678
6,-83.080921671733,-13.216920365725713,-7788232.035206835,-1413574.9650897954
6,-82.61242429591564,-13.989710799185008,-7737118.69457966,-1496226.2114633883
6,-82.125475596544,-14.72998817478785,-7684169.200152816,-1575399.9949954485
6,-81.63520964736762,-15.469240930277735,-7630513.978429185,-1654464.586761108
6,-81.1414324123499,-16.207407582862366,-7576180.908026923,-1733412.1705644599
6,-80.64394583194996,-16.944425130505746,-7521230.17738624,-1812236.88200826
6,-79.83582870956201,-17.46441570058833,-7439731.902190661,-1867850.4393751784
6,-79.02309819039179,-17.98112467711157,-7357836.538599102,-1923113.1437804732
6,-78.20561189355602,-18.494428820341152,-7275560.955815377,-1978011.8547288172
6,-77.60199228698497,-19.2526595900051,-7210234.394006103,-2059106.243018714
6,-76.99277401410468,-20.00889241953197,-7144448.964158391,-2139989.398671153
6,-76.47652525289219,-20.541173305469606,-7090088.636663651,-2196918.9255806794
6,-75.95667496999953,-21.071915172997464,-7035444.623410401,-2253684.017159145
6,-75.43310610126315,-21.601063300608285,-6980472.4968014285,-2310278.6466965983
6,-75.33723925327165,-22.22813927536111,-6963767.389197967,-2377346.8310131696
6,-75.24051099862768,-22.85515857486139,-6946764.389785978,-2444408.419750225
6,-75.40970673036529,-23.581434663137706,-6952647.851539502,-2522084.7753570452
6,-75.58078508306207,-24.30752552316244,-6958166.4757708665,-2599739.777305369
6,-75.75383303243842,-25.033422546927284,-6963230.332408352,-2677372.3391931024
6,-75.98055647225203,-25.818212248672005,-6971532.462749572,-2761300.55745048
6,-76.21030436874115,-26.602645531846363,-6979242.059810753,-2845190.02388593
6,-76.44322407356084,-27.38670485763915,-6986365.62375026,-2929040.950491646
6,-76.6794691946825,-28.170371923959383,-6992910.028084079,-3012853.4615262263
6,-76.91920001045368,-28.953627613779023,-6998882.542505638,-3096627.5874982495
6,-77.21549870060531,-29.81279706161548,-7007417.565145474,-3188530.087964028
6,-77.51693166658782,-30.671294077914695,-7015320.892986589,-3280373.6190230623
6,-77.82376814351345,-31.529082831749655,-7022637.889581167,-3372144.517579257
6,-78.1362912640401,-32.38612557938739,-7029427.927792038,-3463830.0017137583
6,-78.45479908367776,-33.242382518104776,-7035752.048488701,-3555415.6783529855
6,-78.75863933989385,-34.1920060625941,-7037196.6150009055,-3656957.203114002
6,-79.06939799595519,-35.140863574204694,-7038146.16396344,-3758368.9867377873
6,-79.38748440644008,-36.08890905236666,-7038644.303154773,-3859634.821384383
6,-79.71333448830607,-37.03609343068107,-7038631.727881504,-3960729.501811518
6,-79.69589158588653,-37.83757119811043,-7011785.966480878,-4046196.640095081
6,-79.6780654527555,-38.63904633644629,-6984070.556374289,-4131581.5072144875
6,-79.65983610748088,-39.440518708599896,-6955423.909178046,-4216872.483065154
6,-79.641182331489,-40.241988168993785,-6925784.824107206,-4302060.084552464
6,-79.6220815664283,-41.043454562857576,-6895153.64345824,-4387129.84681939
6,-79.64209542799175,-41.869994984298536,-6866097.8290414,-4474729.703855043
6,-79.66263366120023,-42.69653184004577,-6836273.972237577,-4562185.837640438
6,-79.68372603996387,-43.52306492762191,-6805806.135908969,-4649488.1319749355
6,-79.70540444080177,-44.34959403024906,-6774818.611971176,-4736626.469578238
6,-79.79005694833856,-44.76476011767517,-6765331.286943224,-4780331.231385521
7,-79.79005694833856,-44.76476011767517,-6765331.286943224,-4780331.231385521
7,-79.95731126187668,-45.567641305364454,-6746918.1951993285,-4864719.908256599
7,-80.12941570586713,-46.37027134363492,-6728378.950808891,-4948901.302884953
7,-80.30665325591875,-47.172635493790146,-6709602.905404495,-5032857.081143063
7,-80.48932787734333,-47.97471791466965,-6690478.609073693,-5116570.230407499
7,-80.40251975577011,-48.81970550788972,-6646218.297147518,-5204513.743646134
7,-80.31273452956376,-49.664625688528574,-6600770.713808372,-5292178.311625895
7,-80.21977551004491,-50.50947399690596,-6553987.885808177,-5379545.338249607
7,-80.03894060543408,-51.306837153368754,-6501277.357906173,-5461720.179797487
7,-79.8517113328056,-52.10391197708369,-6447268.519541036,-5543578.092858247
7,-79.65766857555032,-52.90067945450743,-6392021.754858171,-5625103.6875724
7,-79.10866054259097,-53.68450198428882,-6308511.964339822,-5704997.994430635
7,-78.53886192647519,-54.46571902787425,-6223332.481565805,-5784310.91499401
7,-77.94692296587559,-55.24415183952492,-6136506.316137835,-5863016.7058958355
7,-76.64023069537205,-55.816968850403484,-6004392.706122475,-5920716.12307476
7,-75.29498926741775,-56.3755246058837,-5870708.473424197,-5976797.61789931
7,-74.33007090036355,-56.65649512313683,-5781325.347389258,-6004939.119991656
7,-73.35085862219759,-56.929892789819185,-5691514.477075271,-6032276.928046694
8,-120.97688398369951,29.345122470823977,-10994728.38154455,3138503.1787721543
8,-120.46254962651716,29.03951018990971,-10958089.26823144,3105813.6998085887
8,-119.76101236102699,28.616121391421423,-10907875.754227635,3060528.351495667
8,-119.06513271843647,28.189150277608295,-10857765.0300654,3014861.8507021354
8,-118.37481207483418,27.75868833321068,-10807742.37256404,2968823.6914009633
8,-117.8885725672963,27.06605624677501,-10783284.42066649,2894748.9975062464
8,-117.40831054685509,26.371772731283972,-10758293.26211331,2820499.7902022675
8,-116.93379137374065,25.675906303705244,-10732752.505986445,2746081.958873094
8,-116.36804938451357,24.959074738627717,-10698212.010077136,2669420.914635564
8,-115.80886786288013,24.24013089370462,-10663164.22404662,2592532.0370957474
8,-115.25597841666453,23.519166998160866,-10627710.658694908,2515425.2060887776
8,-114.5100940256834,23.166247592270622,-10566174.038599446,2477680.033839489
8,-113.76815047503574,22.809834828129816,-10504818.268899443,2439560.9335881607
8,-113.03009730577575,22.450006700967844,-10443651.817641545,2401076.2912995806
8,-112.33276468397918,22.017470347972516,-10387393.384250624,2354815.0253453124
8,-111.63969098093736,21.582002350499764,-10331326.687162012,2308239.9995293957
8,-110.95078567881005,21.14368400467105,-10275471.574979529,2261360.0012545018
8,-110.26595757177958,20.7025954964795,-10219848.42098927,2214183.7030453323
8,-109.58432639131148,19.941002135467663,-10169918.088687697,2132726.4282106864
8,-108.90924924616075,19.176833947408685,-10120381.320389818,2050996.5063404075
8,-108.24041599837132,18.41022081852502,-10071141.600613602,1969005.6597450124
8,-107.60114621772932,17.95687063018734,-10019134.220863733,1920519.1383371812
8,-106.9651541347135,17.501439314437864,-9967264.453818439,1871810.1591623845
8,-106.33234927526253,17.043993396418028,-9915502.281685237,1822885.8092903253
8,-105.70264117873093,16.58459851759737,-9863817.738190142,1773753.0804501383
8,-104.79784816802308,16.15889689381933,-9785692.556252511,1728223.9095547243
8,-103.89695971135279,15.729392467098501,-9707710.096457958,1682288.0312478591
8,-103.45473539215698,15.528345732589306,-9669189.222715592,1660785.9002419654
9,-103.45473539215698,15.528345732589306,-9669189.222715592,1660785.9002419654
9,-102.75796679605875,15.208993834197312,-9608395.344626354,1626630.9097760173
9,-102.06331363935129,14.887503419203622,-9547655.571868965,1592246.4678476548
9,-101.37073646588895,14.563928114751244,-9486961.66176838,1557639.6341107115
10,-120.97688398369951,29.345122470823977,-10994728.38154455,3138503.1787721543
10,-120.98365847448241,29.439903111259618,-10992157.495734282,3148641.5491306474
10,-121.35890860753604,30.23785030442035,-10998604.936008275,3234002.5525272363
10,-121.74029723951662,31.034710748426743,-11004178.225326777,3319253.9392623156
10,-122.12811849051138,31.83043077986258,-11008949.149348147,3404383.548093088
10,-122.70678582314609,32.39879669883203,-11038646.113558535,3465185.4508006508
10,-123.2927675125532,32.96448517576761,-11068309.727697695,3525693.983156367
10,-123.88628311903932,33.5274025246719,-11097981.850937318,3585896.323030747
10,-124.65962221701456,34.10987785716871,-11142106.647331795,3648176.9884926546
10,-125.44363934961231,34.687439768816695,-11186531.278459957,3709915.7850080472
10,-126.23862418008137,35.25991106722097,-11231313.143122887,3771088.7836922216
10,-126.80844887574752,35.961657951079005,-11249129.191015378,3846046.632151153
10,-127.3884715206441,36.660662916579476,-11266822.019681722,3920669.8256988106
10,-127.97910288899861,37.35680405607255,-11284361.644331846,3994938.19953295
10,-128.16403900661723,38.00459707955799,-11267450.410733482,4063997.831168339
11,-128.16403900661723,38.00459707955799,-11267450.410733482,4063997.831168339
11,-128.4295223948981,38.91440830157811,-11242499.39197095,4160896.0791989416
11,-128.70189909396856,39.82360266967462,-11216050.850348081,4257603.012845625
11,-128.7108331261941,40.50057847397662,-11178051.27649927,4329520.6713778805
11,-128.7199493217529,41.17755357629038,-11138978.230314068,4401351.485128978
11,-128.72925593437978,41.854527944808424,-11098939.82110333,4473091.733581166
11,-128.93303212968829,42.64683275406292,-11067536.30310643,4556931.396141263
11,-129.1420652374008,43.438767095960365,-11035434.390209392,4640591.5194889875
11,-129.35664169344426,44.23031059679236,-11002825.40415618,4724061.279291131
11,-129.57706722283515,45.02144149159706,-10969902.63058431,4807328.253484508
11,-129.25396775016026,45.86445746781042,-10887009.603915513,4895872.628273589
11,-128.9209232416643,46.70653482224551,-10802819.358601252,4984111.363369375
11,-128.5773289442956,47.547615332352294,-10717070.775216872,5072021.110249097
12,35.36405759928675,37.639198829460156,3114205.792244155,4025050.0031977496
12,35.72574225881204,37.769175334321055,3144196.695946973,4038906.150354873
12,36.55876091078666,38.29158404313852,3209758.183973647,4094575.5479634805
12,37.13830043593466,38.79002346477405,3252964.051086193,4147655.6767594786
12,38.176600432562275,39.33413943949207,3335100.737534617,4205557.631596303
12,39.35532579735893,39.66807085131634,3432393.404004012,4241069.4257889325
12,40.193730142707736,39.79994949018154,3503200.372123642,4255088.862303633
12,41.03528208346239,39.92577194666887,3574280.508894831,4268461.70696684
12,42.18382140494687,40.20921482449766,3669021.492306437,4298578.902028135
12,42.95486317746938,40.257625861870785,3735155.9924821034,4303721.050909207
12,43.726950566076184,40.30091272791292,3801446.4420570196,4308318.558729027
12,44.51681552768051,40.01874121442847,3875704.2842854955,4278342.9977406645
12,45.27321608092643,39.42118231878554,3953365.642937201,4214815.937618239
12,45.326149356684176,39.02819081493321,3965594.8140870556,4173005.8379681683
12,45.166583921864735,38.552485820695516,3960639.362041337,4122364.115595423
12,45.35170595823636,38.118177976200776,3984969.63052536,4076100.904874729
12,45.84849730465847,37.55829249049588,4038958.5529572535,4016423.927906405
12,46.49592009832648,37.09808342639088,4104432.187926187,3967342.5855291924
12,46.77277529089306,36.556753218399585,4138662.783992396,3909579.748835767
12,46.839397648168536,35.91410583161984,4155937.87155282,3840968.5413005645
12,46.89434329488954,35.405416857549625,4169642.4644427267,3786634.2126100026
12,46.94859976071702,34.89670331343735,4183149.197834409,3732280.4630240942
12,47.58411554643463,34.09804803787973,4253276.689994445,3646912.251011574
12,48.33494377375954,33.417690777861715,4331753.270804541,3574163.879088231
12,49.20287687753771,32.87395933091464,4418556.556674062,3516011.526420463
12,49.70558242332742,32.586947603482784,4468426.133284556,3485311.8144764444
12,50.205067876768645,32.29794715503758,4518073.552802535,3454397.3267393135
12,50.85607102734815,31.94816651183084,4582391.351586019,3416978.955964609
12,51.5021130514924,31.595089995845548,4646365.896769152,3379206.2197513226
12,52.229152332945205,31.099068141157574,4719996.193031532,3326139.27519759
12,52.94860703666573,30.599008509604943,4793019.136070063,3272640.1834538183
12,53.41086092339647,30.246884141768767,4840417.958850353,3234968.9977550535
12,53.86980600953706,29.8931485350362,4887525.580528412,3197125.589026216
12,54.528111663964346,29.39797122452101,4954872.381017938,3144156.218454426
12,55.1800167466599,28.899590641353875,5021637.92881193,3090847.770032971
12,55.9119349551604,28.544474452006934,5093536.796200156,3052865.2539623166
12,56.38519706625436,28.149375439174992,5142444.715424572,3010607.841815306
12,56.854972581467216,27.75266231543826,5191003.262540594,2968179.215728814
12,57.04431772616521,27.2483708116783,5215357.826816122,2914246.670926615
12,57.23195363076221,26.743826909862072,5239358.036996198,2860288.4449465172
12,57.47241653436302,26.27700742899704,5267509.351039554,2810365.3269967283
12,57.710951716957794,25.80979054752529,5295325.56230504,2760399.9177131034
12,58.177199721932,25.079532147526876,5347053.442873763,2682303.5198171926
12,58.637912866126584,24.347834425552296,5397906.538787232,2604050.7372307526
12,59.375423373289415,23.786865359091244,5472077.538929446,2544055.6465005903
12,59.974972879593736,23.430235590977386,5531233.791985741,2505913.9122698912
12,60.571286357862036,23.071329228479275,5590101.388169471,2467528.341915459
12,61.237952550122806,23.220220433799522,5650014.605260039,2483452.5178027586
12,61.98983140543114,23.26346872804201,5718908.211735161,2488077.9885721486
12,62.74217816500984,23.303134666002002,5787872.2332797805,2492320.316690443
12,63.52207151159899,22.8853025294739,5864497.601861645,2447632.387453891
12,64.061102328864,22.694658078130097,5916377.356003073,2427242.4784253445
12,64.59862805581417,22.502213612767974,5968150.954935655,2406659.9833490257
12,64.69733965542088,22.485649352092235,5977453.35677894,2404888.3844929645
13,9.445169435799547,42.28664033874056,812408.7867580106,4518833.634105865
13,9.444979143573242,42.28700010207329,812390.7882279513,4518871.700686346
13,8.738990527821574,42.996733034776064,748661.3499594883,4593912.768261177
13,7.911780216309305,43.59012401060058,675484.4547268079,4656564.1895346455
13,7.373901099769129,43.8394258881349,628649.2260442353,4682860.930746777
13,6.813806797099047,44.071797517728626,580109.7078203384,4707358.135911512
13,6.542969126425266,44.382529103459824,556032.6042349518,4740095.179424442
13,6.579206811813346,44.61293324348104,558349.3810371051,4764353.494864178
13,6.927172506941771,44.97797272015504,586602.0502401994,4802758.796168092
13,7.79371845149955,45.374120142091506,658414.6433201048,4844395.175513581
13,8.226337753147837,45.49560789287804,694453.1400090551,4857155.761056837
13,8.858619757257477,45.49961735697469,747811.172708996,4857576.82873541
13,9.380412470574463,45.390488639523014,792380.6406723339,4846114.6963199815
13,10.680003161259718,45.409273299660285,902057.2733179267,4848087.944866549
13,11.435411335948523,45.38643209498404,965993.7843768157,4845688.560726562
13,12.190142877136223,45.3586158699148,1029921.5280038245,4842766.373645434
13,13.30532841009118,45.58955433156659,1122574.7361568862,4867020.679684143
13,14.536125083176884,45.61873808302399,1226200.7192429213,4870084.633827117
13,15.866974734864579,45.657806198614566,1338148.2287830126,4874185.951771996
13,16.872050752118735,45.75752418329032,1422050.8288730197,4884652.230351554
13,17.47207916060804,46.03346471226773,1470148.9694057375,4913599.56226541
13,17.721175523003584,46.57236667867614,1486169.0810186237,4970066.888908673
13,17.243065620469213,47.052131175288515,1441748.074935161,5020261.279567779
13,17.173126823182862,47.473465197094434,1432077.2415499932,5064280.416127768
13,17.5132193338312,47.761518762267734,1457747.9698019277,5094340.358283118
13,18.099520322660812,47.693523166814714,1507208.0261929736,5087247.235752967
13,18.987795266294363,47.35674173978063,1584578.9906439586,5052091.613778563
13,20.149725960952093,47.221565271631164,1682985.0343614777,5037970.1316019315
13,20.944031762004798,47.25667459595878,1748940.328668707,5041638.485435298
13,21.69313626444024,47.26154215247759,1811438.8369201925,5042147.033542054
13,22.442309431676197,47.26152733355992,1873997.1118395012,5042145.485316768
13,23.200108298841155,47.22697831780089,1937698.7788115256,5038535.733735849
13,23.878591333664552,46.965465167790995,1997652.3876860319,5011199.507754372
13,24.060175205163358,46.52374461162453,2018391.155851941,4964975.824855678
13,24.009463127176843,46.04934643867793,2020026.2599112308,4915264.9406848345
13,23.666049325110034,45.87524243327729,1993250.8343592365,4897004.098794452
13,23.069860457182298,45.93699144651617,1942306.0030374594,4903481.6456572525
13,22.525071874895733,45.837346735816,1897590.9552611965,4893028.241790385
13,22.19783318118933,45.562055872395625,1873149.85439129,4864133.440608912
13,22.077832510767813,45.05645536592062,1868701.836926936,4811009.754400349
13,22.13240544080354,44.45773091421634,1880012.7963790642,4748014.369727124
13,22.59136878493562,43.87182917852171,1925623.7796739156,4686277.766611042
13,23.29554850031499,43.52023664933329,1989710.96579174,4649189.669065398
13,24.117631164987284,43.268280442664796,2062923.7105931751,4622593.568273419
13,24.93285807299713,43.010486279369005,2135807.550183935,4595365.794770185
13,25.712354744846415,42.620645851973585,2207459.7597378814,4554162.560523635
13,26.482086730602163,42.22558731596571,2278583.0667186566,4512373.203338707
13,27.42510203565403,41.57022874692285,2368249.81959707,4442975.389212837
13,27.63441870028752,41.14794937098107,2391765.6171931303,4398212.166361397
13,27.45415564041589,40.78412621123453,2380755.615383096,4359617.316336026
13,26.87299065956938,40.52280918417753,2333548.2380294357,4331880.852224121
13,26.1204435661636,40.47795597792469,2268728.832903988,4327118.801543798
13,25.613108571384345,40.3738041746096,2225864.170762906,4316059.605355253
13,25.236244454620447,40.077388839969295,2196451.8586749337,4284574.406656422
13,25.300841090298782,39.831460253582925,2204818.281050542,4258438.192079375
13,25.692899188966372,39.45460737967754,2243195.312352411,4218370.8623987045
13,25.739520453593077,38.79963374855559,2254434.987896516,4148678.746179204
13,25.64427254162128,38.25055678551393,2251927.5967018637,4090204.8832622417
13,25.508661328493172,37.38234335193291,2248929.819938955,3997661.849771734
13,25.67396596170262,36.644385649976925,2270884.0777846384,3918932.6566486764
13,26.16100544173063,35.92277753048367,2321113.1805005586,3841894.6063033305
13,26.630745634368992,35.39527690744845,2367989.9056470604,3785550.9380600937
13,27.386338775010568,35.21049585619694,2437026.192382299,3765809.0633599926
13,28.036799200285756,35.037519547986484,2496670.0512702675,3747326.2792934068
13,28.39932388107089,34.779049048252546,2531598.9267322114,3719706.6923519196
13,28.86328602592025,34.828996125808665,2572440.017464078,3725044.6648779097
13,29.146581545006452,35.106585573614396,2594766.0811541853,3754706.328184297
13,29.602202844813885,35.41788996573617,2631964.5666826847,3787966.73361638
13,30.2989560587331,35.50713601891096,2692919.8704503416,3797500.6900355876
13,31.210912802405748,35.48383512225322,2774240.628575447,3795011.5643677497
13,32.03352354510665,35.51525445057163,2846989.5462245597,3798367.9345060308
13,32.49845160377846,35.79282079516788,2884972.1797090294,3828015.6550075407
13,32.883447727515254,35.9758106772562,2916903.9225008776,3847557.964625905
13,33.41073112696971,35.9061008541189,2964547.1275001406,3840113.6709444593
13,33.76705427663283,35.429353079843224,3002124.048102214,3789191.345401798
13,33.64455654410093,35.213444660706905,2993889.6318913703,3766124.1302341786
13,33.270482429057886,34.96232749641287,2963632.8037516093,3739293.3813841483
13,33.24296803374199,34.528819952283804,2966347.865026374,3692961.8491206137
13,33.45169369504261,34.0013569163591,2991189.3540267725,3636574.653964574
13,33.540581238594505,33.52051892010655,3004711.6303453497,3585160.212428117
13,34.23622949128754,33.30269802129091,3069572.7451050538,3561866.1980785266
13,34.279105208612094,32.94037087128229,3077600.1147346175,3523114.791301413
13,34.04528153650459,32.52927484463246,3061243.821707301,3479142.6899332386
13,34.078409151142125,32.30132888542166,3066759.7074106033,3454759.082162196
13,34.46913534157144,32.3017793068815,3101916.613191048,3454807.2652899344
13,34.9185052261979,32.654623647261026,3138320.3815015857,3492550.8627473167
14,-128.5773289442956,47.547615332352294,-10717070.775216872,5072021.110249097
14,-128.75729778833548,47.70266917840363,-10721424.676916024,5088201.417323514
14,-129.47126472654568,48.16363575515089,-10748776.714149019,5136254.844697212
14,-130.1981167152971,48.62010110147615,-10776724.090537531,5183763.435391105
14,-130.8923025367654,48.9550983223661,-10809983.330808159,5218580.173426244
14,-131.59581511828168,49.285874149447665,-10843795.870894717,5252915.790507142
14,-132.43093406213205,49.85477132163799,-10869910.152873,5311867.502469365
14,-133.28584111311355,50.41752708159685,-10896681.939813368,5370051.596596611
14,-134.06741356446392,51.07297304152939,-10908628.712025052,5437647.723098375
14,-134.8713511034201,51.72305825910774,-10921092.12945794,5504501.910787151
14,-135.58262664610683,52.22297414980768,-10937037.583018126,5555780.030607642
14,-136.31002760259963,52.718517617842714,-10953625.319692524,5606492.040214479
15,-136.31002760259963,52.718517617842714,-10953625.319692524,5606492.040214479
15,-137.01837587110458,53.18631366625474,-10970100.897726245,5654254.050715904
15,-137.7422758994341,53.64981622251165,-10987310.63814665,5701469.12255805
15,-138.6670537690809,54.402456017502764,-10993548.834946143,5777900.190394114
15,-139.62623418198905,55.147767726569704,-11001227.352195306,5853289.846163876
15,-140.6217366970883,55.885263409796096,-11010602.206778497,5927582.908820252
15,-141.65558071647888,56.61441758341763,-11021888.492023518,6000727.693604116
15,-142.72988595358265,57.33466427815524,-11035306.041961066,6072668.120546916
15,-143.27775961321964,57.487365255040245,-11062626.445334502,6087879.719217285
16,72.71988801715642,36.594331946738606,6433532.025696282,3913590.5767100123
16,73.50850474048258,36.114096786402115,6516706.419081142,3862324.262411426
16,74.41685636330487,35.61095072910032,6611195.022852693,3808590.229807209
16,75.31377791492196,35.10107318966363,6704938.203783704,3754117.3139747
16,76.19947871037263,34.58467279209837,6797942.395211182,3698931.793685731
16,77.07417358118923,34.06195349784465,6890200.654573373,3643053.3062858256
16,77.96838928825701,33.771165789232356,6978024.505907246,3611962.3273599474
16,78.85648965026283,33.473973255077716,7065563.892301942,3580182.7190389563
16,79.58106976127748,32.74971984202752,7149890.05296961,3502722.7391515127
16,80.29392917694396,32.021364737882514,7233010.712010205,3424809.6276836707
16,80.90107543687841,31.183385477584718,7309009.571026967,3335160.0394341676
16,81.49754922269913,30.3426063579064,7383517.5765099125,3245209.4798946786
16,82.43954286679063,29.795271847094277,7481918.700218131,3186655.363487905
16,83.37122601033612,29.24133204206183,7579407.66217733,3127401.20775043
16,84.27269511555484,28.834509236596787,7670681.893997364,3083886.6830197833
16,85.16709296435873,28.42174111168114,7761403.3813385265,3039738.267247784
16,86.05449527724946,28.003174422614386,7851559.252669531,2994971.433587361
16,86.90710587820483,27.703795841904004,7935899.049049187,2962953.0123284515
16,87.75501043142376,27.39922377579912,8019914.374775661,2930379.804580474
16,88.59821650976924,27.089553461508455,8103594.992530486,2897261.9038823554
16,89.43673599751577,26.774880073164972,8186930.77877888,2863609.3843218833
16,90.33386794373054,26.598842003134706,8272739.055782969,2844783.262178805
16,91.22819996196796,26.41719761188919,8358432.013571085,2825357.6565302233
16,92.11967663227752,26.230008781224953,8444000.139799388,2805339.165181001
16,92.89379008495303,26.156059069155944,8516492.367052754,2797430.7872336674
16,93.66689544607716,26.077976390072863,8588994.71190565,2789080.421372236
16,94.43894310885455,25.995780468300975,8661502.508208854,2780290.175152308
16,95.24603849458106,25.963019082355203,8736211.162534356,2776786.5867446316
16,96.05265392988137,25.925785370989438,8810979.660493394,2772804.715608426
16,96.8587293867389,25.884089537618024,8885803.766191652,2768345.6524533685
16,97.2466712879438,25.852076653423527,8922071.589820726,2764922.10873474
17,147.08604264447874,40.02685331234275,12805015.413307087,4279204.958101731
17,147.26839631632333,40.02923154868937,12820735.78925183,4279457.658153859
18,147.26839631632333,40.02923154868937,12820735.78925183,4279457.658153859
18,148.07031136471787,40.03629642328771,12890085.099960698,4280208.332133365
18,149.09378019404272,40.428206445078565,12953097.643529678,4321836.47429969
18,150.12910584892072,40.810986632242546,13016977.97392379,4362467.578146258
18,150.94814099036205,41.31617972238508,13052810.6138389,4416049.507767922
18,151.77989594512886,41.81547682023065,13089155.670456264,4468955.969326359
18,152.62464064426098,42.3086800592984,13126111.29581633,4521165.606359633
18,153.68990121577278,42.840506801845656,13178189.776941381,4577404.467496998
18,154.77348280159336,43.36228848821294,13231527.0979702,4632518.6683878545
18,155.87567513198502,43.87366425617965,13286255.09964824,4686471.262680006
18,156.69867446788854,44.36820467187517,13317646.266349219,4738586.569456372
18,157.53560339996105,44.85673550229575,13349987.341437647,4790007.474708237
18,158.38676267048928,45.33904967512584,13383367.558095053,4840710.751464753
18,159.25244867176505,45.8149339405179,13417814.126039635,4890676.588891794
18,160.305881257677,46.465336288391384,13452808.799290458,4958859.098611728
18,161.3845936651671,47.10583445899043,13489325.344451636,5025875.245193779
18,162.48936512347248,47.73596020493201,13527350.625677215,5091674.3452483965
18,163.5149334781327,48.33827463735131,13559601.411329744,5154440.179110113
18,164.56483243733413,48.93125583699618,13593067.978461254,5216103.604627633
18,165.63975957002248,49.514480361093206,13627762.367730565,5276620.679193689
19,165.63975957002248,49.514480361093206,13627762.367730565,5276620.679193689
19,166.54368837181588,49.02718939510176,13747648.815025846,5226067.0909411935
19,167.42996135721734,48.5329758945092,13866465.20536792,5174701.449204294
19,168.29898578020192,48.032091930276806,13984238.352600835,5122549.763719693
19,169.65937197299178,47.651792332708496,14131887.878944425,5082893.189408088
19,170.9996830487426,47.255647534885355,14279494.433682146,5041531.18007967
19,172.28440858049876,46.79699128719908,14428290.014230475,4993576.961434971
19,173.54708785509868,46.324205274018865,14576696.577890383,4944075.006905491
19,174.78782089888364,45.837761119900435,14724701.134349981,4893071.719486666
19,176.1074609915249,45.61638266811824,14855828.158856235,4869837.351661105
19,177.41637168348223,45.37993288314814,14987639.811517853,4845005.816073453
19,178.71404109252393,45.128660598280476,15120087.629611963,4818600.668818322
19,179.99999999,44.8628246312547,15253125.951406563,4790648.001293148
20,-179.99999999,44.8628246312547,-15253125.951406563,4790648.001293148
20,-179.89861714591495,44.841145545756646,-15246506.945846187,4788367.494262302
20,-178.58247401920252,45.10448201092227,-15111147.040555254,4816058.937193821
20,-177.2544880703089,45.35256461341752,-14976433.834070046,4842130.640631807
20,-175.91517680271477,45.585125868321015,-14842416.58589725,4866555.721477422
20,-174.8645227942301,45.74916420012252,-14739101.592596294,4883774.886473204
20,-173.80785879842554,45.90351705688604,-14636281.71142075,4899970.280017852
20,-172.7454904488355,46.04807796116414,-14533983.250319052,4915131.929243302
20,-171.67773841347355,46.18274585240872,-14432233.04587983,4929250.403017476
20,-170.39335473842954,46.57674073916201,-14289484.704744108,4970524.846808382
20,-169.09052203529785,46.9561537762342,-14146722.497157687,5010225.765858757
20,-167.7694537217011,47.320580669561515,-14003991.756407974,5048314.574597824
20,-166.80276624672229,47.73310359560995,-13886699.069135332,5091376.358196316
20,-165.82079675607483,48.13737990234456,-13768891.304749526,5133519.8381953705
20,-164.82340544631154,48.53315997463027,-13650574.945499687,5174720.59856089
20,-163.77176107276443,48.86469072119858,-13533598.134379204,5209188.19195203
20,-162.70629705364703,49.18653153247718,-13416425.062615061,5242608.19109409
20,-161.62709895439312,49.498444288421716,-13299092.34203334,5274958.529666693
20,-160.56985925096555,49.894133411893804,-13175926.929737497,5315941.511752063
20,-159.4953567872361,50.28005261369892,-13052206.142659852,5355850.284850467
20,-158.40352103053502,50.65590652024809,-12927994.116055498,5394657.331862664
20,-157.45218109036247,51.226276578175025,-12796907.562718578,5453430.569563233
20,-156.47713329807226,51.78874172178398,-12664326.209271671,5511245.973371725
20,-155.47764448189776,52.34293943838494,-12530345.25531916,5568067.685412806
20,-154.4529828954808,52.888491224944275,-12395056.657962102,5623858.915865338
20,-153.34020538004876,53.571760096810806,-12239187.000164866,5693525.554445278
20,-152.19116639431405,54.244365625609625,-12081409.22476079,5761870.815952151
20,-151.0043657967606,54.905683870914295,-11921846.701692812,5828834.605194257
20,-149.75689834229865,55.37681852524048,-11776688.850288069,5876396.621224605
20,-148.4797812626374,55.83495073287063,-11630887.553479824,5922524.400322759
20,-147.17267099887502,56.27954302607359,-11484511.259400764,5967173.587593723
20,-145.83530523336245,56.71004567276999,-11337631.905111259,6010297.32070465
20,-144.46751367953897,57.12589815394742,-11190324.645042922,6051848.307718244
20,-143.27775961321964,57.487365255040245,-11062626.445334502,6087879.719217285
21,133.30885740658456,28.64193036179546,12140906.945562603,3063288.7994731194
21,133.5585112688368,29.14595593707701,12145508.467498142,3117199.4081030237
21,133.81062548943623,29.649514230866796,12149704.361134717,3171063.426750165
21,134.56710844552492,30.38187177224635,12189959.967288982,3249410.1742802137
21,135.33498031708507,31.109805870208568,12229900.41380629,3327288.0610366035
21,136.2479441066159,31.464256818878017,12297462.73981467,3365209.1471655853
21,137.16778223019776,31.812182135621505,12365459.114394264,3402431.2858798765
21,138.09450927378518,32.15344281096195,12433915.088434141,3438938.9900507974
21,139.11308191365683,32.53093152814605,12508531.79434497,3479319.902738928
21,140.14015636311046,32.900141894205504,12583756.098483484,3518811.9843678656
21,141.17573063425183,33.26088598116401,12659621.165315561,3557394.569027246
21,142.1963466211349,33.712152508421916,12729204.340916308,3605652.170824695
22,142.1963466211349,33.712152508421916,12729204.340916308,3605652.170824695
22,143.21631706141736,34.15014578556302,12798686.778930375,3652482.0199949536
22,143.65192845633038,34.727500418605196,12808209.004969245,3714197.400634829
22,144.0936595600018,35.303282638960226,12817573.977769678,3775722.6374303
22,144.6038542160317,35.784667070485675,12837299.140936986,3827144.817638566
22,145.1202520068036,36.26387026538084,12857058.32888852,3878315.273308103
22,145.73900672606743,37.07541881267847,12866416.326049956,3964924.7770072077
22,146.37112273916094,37.88368387045262,12875270.823648948,4051111.5710241054
22,146.6642207337276,38.599623828968255,12858054.808284365,4127383.7382420637
22,146.96322206434397,39.31481801823399,12839897.724370759,4203502.344459869
22,147.26839631632333,40.02923154868937,12820735.78925183,4279457.658153859
23,90.64979942641223,8.39878210587612,8535369.820970608,898265.8722973894
23,90.81729960251141,8.197557882276973,8552332.403916935,876744.545618594
23,90.80871675421272,7.319702821053136,8556421.42345754,782856.2398246293
23,90.80016762565441,6.441847597996803,8560061.058263712,688967.9389663014
23,90.8668446563175,5.6538108338120505,8569993.41962777,604685.9014343356
23,90.9333403443302,4.865766483103932,8579620.398709355,520402.9881219974
23,90.999680490659,4.077715625321621,8588947.776979493,436119.46965611837
23,91.36292487718289,3.4154214910641834,8625546.657782996,365285.86017021566
23,91.72566835863668,2.752990594364403,8661815.340432458,294437.61712725856
23,92.08800868218933,2.0904496437029016,8697711.991315678,223577.5983182089
23,92.61393842768251,1.316861663832416,8748849.809002953,140840.88286653865
23,93.13954176920014,0.543162836755947,8799349.319587342,58092.30864602139
23,93.66501054470584,-0.2305816844862477,8849141.996479196,-24661.154075601076
23,94.21073397455876,-0.7888993409997644,8900350.789314635,-84374.2995736852
23,94.75660386654094,-1.347145419457475,8951211.225669684,-144079.7885857549
23,95.30272393886277,-1.9052692101104316,9001756.383425893,-203772.19684669032
23,95.84919800886315,-2.4632199213907953,9052020.09877768,-263446.09134235233
23,96.33156898045299,-3.094582725159577,9095706.099074828,-330971.54529244784
23,96.81451494879079,-3.7257263549010857,9139117.26874399,-398473.5527698547
23,97.2981541325162,-4.356605647455667,9182303.697650366,-465947.2823961798
23,97.90518624787967,-5.079355886299973,9236468.714004831,-543246.8449054781
23,98.51358063638065,-5.801537693118301,9290470.024619112,-620485.5713156601
23,99.12353465856816,-6.523068165913766,9344305.423268327,-697654.6340421486
23,99.722090824204,-7.104290025884203,9397523.08623021,-759817.4264770052
23,100.32216143812838,-7.684742545336179,9450636.372978495,-821897.9446094636
23,100.92387372378758,-8.264359941168413,9503639.786740275,-883889.1570441654
23,101.55448455092325,-8.807853304414675,9559328.443347702,-942016.8486813188
23,102.1869500702693,-9.350293359277806,9614924.904804148,-1000031.9049864255
23,102.82138850917501,-9.891610712792863,9670425.519552689,-1057926.9076134062
23,103.45791854839179,-10.431735280399327,9725827.006385684,-1115694.0855992183
23,104.32032515292269,-10.818715580870066,9803511.679512573,-1157082.3867730636
23,105.18495387480043,-11.203296532881119,9881230.845731325,-1198214.0758234903
23,106.05187709913825,-11.585384166778184,9958988.366356174,-1239079.0977748234
23,106.63376972610699,-11.979159537771556,10009663.458667368,-1281194.1393219102
23,107.21735928298703,-12.371731542138532,10060308.06643248,-1323180.466587722
23,107.80270282841565,-12.76305582778996,10110923.28477991,-1365033.3311382344
23,108.59856198354187,-13.076496458532231,10181971.497013835,-1398556.377606044
23,109.39643832533552,-13.387494637891702,10253075.974595653,-1431818.1831222184
23,110.19637044892184,-13.69598373774994,10324239.939282281,-1464811.6196102754
23,110.80404695165744,-14.126872149185372,10375636.822519904,-1510895.8361347734
23,111.41402407245246,-14.556229338826626,10426986.181873456,-1556816.238818285
23,112.02637526730398,-14.98400067002625,10478289.442477267,-1602566.9781594507
23,112.95612553012995,-15.198686640664896,10562126.85368207,-1625528.545193156
23,113.88775361051563,-15.409547921677138,10646089.009996042,-1648080.363424792
23,114.82125609147005,-15.616520999703122,10730181.614532525,-1670216.325877547
23,115.75662751156717,-15.819543076294849,10814410.152634164,-1691929.7193641644
23,116.55078404165323,-15.603184402725022,10892016.909605797,-1668789.9646803872
23,117.34325643160109,-15.383980181902555,10969501.83615245,-1645345.869426372
23,118.13405158902144,-15.161978331661494,11046859.616187897,-1621602.5548633581
23,118.71605904448649,-14.689660482265666,11108408.001879996,-1571086.8913724786
23,119.29555258482716,-14.215898722303534,11169516.20219151,-1520417.3672541506
23,119.87261985845163,-13.74074755535448,11230191.477127876,-1469599.1847324693
23,120.30625260065959,-13.247172201999888,11277439.92516927,-1416810.4525121532
23,120.73812876737136,-12.752867779518297,11324277.768550968,-1363943.7005673086
23,121.14326793430833,-12.057640484643526,11370743.499976432,-1289587.8279155572
23,121.54631139087591,-11.361830989005169,11416509.822813455,-1215169.647375679
23,121.82637502208816,-10.907159005883162,11447717.228321387,-1166541.5849087383
23,122.10558317904666,-10.45223344740665,11478642.524239276,-1117886.404562167
23,122.18812099602759,-10.251409246992548,11488402.196184877,-1096407.865440481
23,121.73285751842643,-10.145757492907519,11446628.873547995,-1085108.2057342848
24,114.44567772074697,6.3713911438272035,10789635.79141736,681432.4864945296
24,114.9937885800557,6.944379104644878,10837725.336314019,742714.646184683
24,115.62729813932087,7.445866736062556,10894084.6634337,796349.7141458044
24,116.26225739119104,7.946452247460256,10950358.93708122,849888.3065634995
24,116.70158268040389,8.492577275081137,10987618.689709716,908297.4509271332
24,117.14215975639274,9.038208878180345,11024712.91162873,966653.8388060171
24,117.52585060737549,9.798443403256915,11054236.156015307,1047962.4708464546
24,117.91130354983936,10.558245053450923,11083319.745959094,1129224.553025593
24,118.0811743775123,11.223469704232791,11092508.455321543,1200371.6361577949
24,118.25182970554734,11.888597760339161,11101273.021420285,1271508.3820188798
24,118.33604587590692,12.801018736048645,11098387.686569186,1369093.5341296203
24,118.64009119635755,13.48671255386977,11118122.409973685,1442429.7109476256
24,118.94588650819239,14.17203835541246,11137398.071456797,1515726.4327300605
24,119.72486020513908,14.658122007404117,11203271.89629552,1567713.8066382136
25,119.88012554297161,13.839875304030294,11229532.088089388,1480201.06155601
25,119.72486020513908,14.658122007404117,11203271.89629552,1567713.8066382136
26,119.72486020513908,14.658122007404117,11203271.89629552,1567713.8066382136
26,119.61495037607206,15.233631764278398,11184225.41176274,1629265.9607498683
26,119.50443761717402,15.80908777546873,11164714.76156807,1690811.5156440476
26,119.43860261954136,16.566023392797693,11145929.212213287,1771766.4537279678
26,119.3722481144528,17.32293817382098,11126561.80466919,1852719.254043849
26,119.33220058652125,18.16686140643345,11107630.710203132,1942977.9679498351
26,119.29176402955738,19.010776266136773,11088276.955377335,2033236.2532024486
26,119.57221611333028,19.770291895803325,11100065.245344238,2114468.4351086305
26,119.8553529001802,20.529366376268968,11111936.541109644,2195656.125746135
26,120.25312555082965,21.290509059649626,11134134.205285868,2277063.5679822112
26,120.65503568497826,22.050707761589436,11156284.248988185,2358369.890812514
26,120.818119608545,22.602784718223358,11160091.588811636,2417416.363739164
26,120.98251704730404,23.15469564310495,11163650.520826442,2476444.5329893488
26,121.08082785997468,23.298661176488526,11169622.321786704,2491841.870868968
27,121.78880406437175,7.420811241028247,11474785.508244691,793669.9805333677
27,122.37962211356374,6.7532228916584165,11535111.422464587,722270.1225882116
27,123.04310904705913,6.377311012120849,11600140.462140078,682065.6277244546
27,123.70562254725286,6.000552252191185,11665009.478465268,641770.5585513979
27,124.36721986850434,5.622998158126,11729726.325946286,601390.4268739438
27,124.37150085611418,5.620374369219487,11730145.957962092,601109.8076348933
28,121.73285751842643,-10.145757492907519,11446628.873547995,-1085108.2057342848
28,121.27789528605999,-10.03947889594479,11404870.572889887,-1073741.504817411
28,121.80112846191423,-10.09924538404762,11453499.141214414,-1080133.6458765883
28,122.32455475588041,-10.158186672686245,11502145.254652811,-1086437.5305403876
28,122.85173237628022,-10.236718931941136,11550941.890765449,-1094836.7077495237
28,123.37916962633483,-10.314402481694552,11599758.24903741,-1103145.1142455237
28,124.36815031198701,-10.099694111124856,11694883.137336442,-1080181.6381031878
28,124.83062606766663,-9.68786432892975,11742362.150286378,-1036135.8106980908
28,125.29196738340012,-9.275416839373221,11789594.573323628,-992023.7091824656
28,125.64816963139207,-8.550726512454515,11829464.365542786,-914516.6269720959
28,126.0030192769863,-7.825711823596282,11868756.71744197,-836974.8829203668
28,126.35663648120244,-7.10040171442436,11907514.143739715,-759401.5640880949
28,126.98851990786588,-6.428744598460049,11971756.590970667,-687566.5481121873
28,127.6187352777119,-5.756314176027289,12035560.422697453,-615648.8297623777
28,128.1804236814542,-5.405983664004709,12090707.135339238,-578180.3116649586
28,128.74146196896552,-5.055137289937395,12145735.443986958,-540656.6195369497
28,129.6807775491705,-4.726755880801383,12236269.913805848,-505535.54417242616
28,130.61920159387032,-4.39711105396047,12326682.041541407,-470279.41173227725
28,131.23921522605156,-3.8697044217857184,12388017.56518358,-413872.2790509829
28,131.85845690764833,-3.3418465904017256,12449063.35557577,-357416.885049988
29,131.85845690764833,-3.3418465904017256,12449063.35557577,-357416.885049988
29,132.35615013144545,-2.9168980809166785,12497945.065298487,-311967.8347849895
29,132.53425579474577,-2.3641500154537267,12516926.345113588,-252850.3758596875
29,132.7122196306684,-1.8113791494126648,12535520.919915263,-193730.47520919002
29,132.3016374201698,-1.34090411683279,12497927.858363848,-143412.26930566743
29,131.89121302631142,-0.8703602784111981,12460016.749071693,-93086.70318696718
30,131.89121302631142,-0.8703602784111981,12460016.749071693,-93086.70318696718
30,131.77441026238552,-0.7364146605265894,12449163.817185305,-78760.9622450565
30,131.35954237499374,-0.13049137430729793,12410420.987397581,-13956.303143903575
30,131.2420209678926,-0.04297489996969926,12399331.33423335,-4596.2481030025965
31,131.2420209678926,-0.04297489996969926,12399331.33423335,-4596.2481030025965
31,130.65889629732231,0.39125999181187704,12344108.274608282,41846.00765935775
31,130.11643613762834,1.1508305365040439,12291884.6070774,123083.5354201027
31,129.8385756653272,1.883849785733204,12263880.078553317,201481.3484327258
31,129.5604812439448,2.6168247245122647,12235151.169112239,279874.41793035757
31,129.30722087167106,3.2105355058513148,12208786.63547508,343372.9154024745
31,129.0539135137994,3.8048574508673485,12182066.675653778,406936.7730340027
31,128.81176177834303,4.431291593060297,12155924.76675833,473935.08459033
32,176.7253440227743,-41.615783603294354,15257044.73211877,-4447802.222697223
32,176.7094333409845,-41.59052860749872,15257769.014612,-4445126.34405633
32,176.3559187755949,-40.97147665501681,15278004.445899937,-4379494.905326972
32,176.00898221918374,-40.35136496414124,15297537.825596733,-4313676.672210587
32,175.45254610596555,-39.46404534347813,15317694.204797214,-4219374.604569969
32,174.9101414133006,-38.57414089790558,15336227.015494175,-4124670.15686459
32,174.26955508025492,-37.85287557533077,15331470.463456305,-4047827.8912398578
32,173.64141071280142,-37.12820748714284,15326168.118420435,-3970556.06231656
32,172.99094335869034,-36.48817724839959,15311540.209781216,-3902260.1853128113
32,172.3511654976164,-35.84467445803085,15296734.930674706,-3833553.6232999666
32,171.5783377412678,-35.395910080296275,15256602.898448175,-3785618.581612815
32,170.8141105686596,-34.94227846358128,15216834.974006822,-3737150.8731316794
32,169.98166038386094,-34.54628138775659,15166805.33219673,-3694828.2691463362
32,169.15715012485475,-34.1446889377479,15117242.21280451,-3651898.6348397355
32,168.59309927651415,-33.56210303530269,15100903.307866374,-3589607.055493278
32,168.0366239457611,-32.97699342582248,15084377.691250486,-3527031.8200775264
32,167.74513839966806,-32.18063693942938,15102160.071877446,-3441848.10874454
32,167.45870975855428,-31.38362360241061,15118689.46913044,-3356582.614870293
32,167.10819848270904,-30.610756060280657,15126399.452499809,-3273896.9868528815
32,166.76324125374788,-29.836963689911954,15132854.395333087,-3191115.2724747923
32,166.45713649486865,-28.906476742759406,15148063.919480797,-3091584.3083458426
32,166.15647528427925,-27.975310081016726,15161190.601111205,-2991991.3231603354
32,165.95411459326047,-27.09737437079457,15178606.680527365,-2898098.3104875428
32,165.75490306926346,-26.219153352269522,15194056.127453726,-2804178.256660098
32,165.6460033898151,-25.399342302216173,15213516.652359845,-2716505.3189581325
32,165.53857360742288,-24.579452136741658,15231184.506124591,-2628821.685454674
32,165.24257565775065,-23.647979248273337,15233080.580322416,-2529201.7516042436
32,164.95076382923799,-22.715952439180636,15233459.048651742,-2429519.9680793537
32,164.4770868038128,-22.177555146757825,15204770.554807113,-2371936.6801313553
32,164.00702935288422,-21.63779947312775,15175990.506897822,-2314207.731089096
32,163.5404763677908,-21.0967318667038,15147191.826727778,-2256338.268929023
32,163.19539092924938,-20.352776403455785,15134623.49378275,-2176769.110154106
32,162.85361555458417,-19.608149702287026,15122108.912779815,-2097126.8524428608
32,162.51499181328336,-18.862884452772786,15109666.994297888,-2017418.9030047182
32,162.07667618285478,-18.212518507640954,15085220.400197305,-1947861.067376538
32,161.64162496872748,-17.56116448162081,15060700.867012111,-1878197.8385367095
32,160.92476461879156,-16.99517196537201,15007400.738446683,-1817664.307236511
32,160.212229472053,-16.426687503283695,14954075.656861877,-1756864.3534913862
32,159.50385952836172,-15.85581356092351,14900647.301350689,-1695808.8798865469
32,158.7994955389162,-15.282650893835111,14847037.312933793,-1634508.6046488355
32,158.09897903578238,-14.707298611522559,14793169.162672684,-1572973.3142470522
32,157.307414615263,-14.175797163086852,14729277.275963861,-1516128.4430824681
32,156.51955997182816,-13.641711312953596,14665198.281708967,-1459007.092464137
32,155.73527022273083,-13.105153722114316,14600930.321767233,-1401621.3233666038
32,154.95440021121314,-12.56623569003091,14536472.080628239,-1343983.051547373
32,154.74428684784337,-12.457365459099844,14518472.21644233,-1332339.175842819
33,121.08082785997468,23.298661176488526,11169622.321786704,2491841.870868968
33,122.01490330527284,22.990848777486086,11262434.938463552,2458920.7945437026
33,122.94469277192776,22.677586168742526,11354945.842106536,2425416.5908034677
33,123.8702076505921,22.35898068621925,11447158.9512227,2391340.764681683
33,124.59374168422987,22.046620698505812,11520558.878761696,2357932.7642258126
33,125.31407186463117,21.731095963691804,11593711.98029239,2324186.1693642125
33,126.0312313835691,21.412470214705998,11666629.278947296,2290107.830131378
33,127.0436080673824,21.699920825502097,11754375.120713938,2320851.8625325994
33,128.05999149226471,21.981201853085494,11842460.364062672,2350935.9730182686
33,129.0803657127144,22.25620029267516,11930882.21288698,2380348.054251403
33,129.7231454255677,22.71941706953718,11980056.29248201,2429890.5196081237
33,130.3702794445814,23.180047484806686,12029319.885388898,2479155.9556750217
33,131.02187131092498,23.638014905192712,12078643.506943638,2528136.0610287604
33,131.678024486833,24.09324140004044,12127998.538257668,2576822.3996949885
33,132.15077813981705,24.662119064030424,12157027.897976803,2637662.659018642
33,132.62785627982586,25.229504016039986,12185706.429719392,2698342.1668278566
33,133.10940145486,25.79534291678796,12214001.770879917,2758854.848418418
33,133.42615302690047,26.541706461914597,12220864.908644138,2838673.0058819545
33,133.74705178761587,27.287360823333668,12226753.926799616,2918416.488116833
33,133.54150778147957,27.91727573633915,12187152.93314796,2985784.530812526
33,133.3335555275,28.546882016843295,12146505.803535819,3053122.75748441
33,133.30885740658456,28.64193036179546,12140906.945562603,3063288.7994731194
34,-176.70421923294242,-36.505539463310825,-15639033.331861947,-3904113.4120141133
34,-176.4719916116441,-35.61997563910347,-15677186.771990946,-3809554.236181634
34,-176.24485246172233,-34.7339759559984,-15713831.270579437,-3714889.4863991556
34,-176.02253348452393,-33.84756359314614,-15749029.5921775,-3620131.1444078693
34,-175.80478178380233,-32.96076037953531,-15782667.76413211,-3525295.591569363
34,-175.591358691722,-32.0735868984554,-15814617.067354202,-3430396.2506263824
34,-175.27668902419362,-31.22346961086763,-15833212.37564726,-3339448.471102942
34,-174.96763209866438,-30.372599902626053,-15850178.886536064,-3248418.249141505
34,-174.6639108983037,-29.52101552598067,-15865401.656705825,-3157317.9790480104
34,-174.3652617689982,-28.66875235055418,-15878817.285705825,-3066157.604672471
34,-174.0714335179196,-27.815844494526566,-15890408.56966778,-2974936.4905656655
34,-173.57967854774571,-27.12243844634021,-15875021.335513767,-2900778.7881871257
34,-173.0939903611239,-26.427340966403165,-15858670.320949156,-2826442.416225974
34,-172.61413091716415,-25.73062228930988,-15841334.405204812,-2751933.4437542115
34,-172.13986929302166,-25.032350187285147,-15822993.476034496,-2677257.655827632
34,-171.6709813784255,-24.33259009672845,-15803656.696239283,-2602420.3861783254
34,-171.18512792048136,-23.583166753157396,-15782926.266955458,-2522270.023405911
34,-170.70479702011275,-22.832249952165128,-15761417.710132236,-2441958.286750086
34,-170.22974310284553,-22.07990887432672,-15739345.723128296,-2361493.0577833112
34,-169.75972788380787,-21.326210345870983,-15716925.914550649,-2280881.9722821643
34,-169.49894898567337,-20.377252690986605,-15718552.462966584,-2179386.9472497846
34,-169.24136002644136,-19.42791235249438,-15720061.655565644,-2077849.9737746092
34,-168.98676509018665,-18.47821297392599,-15721462.880119396,-1976277.540813725
34,-168.73497577972933,-17.528177270849746,-15722446.463771563,-1874669.8159650716
34,-168.4858106415732,-16.57782710275969,-15722696.869597463,-1773028.8713840696
34,-168.23909462725766,-15.627183540274826,-15721900.27519879,-1671356.694288322
34,-167.99465858776114,-14.67626692809113,-15719747.087533595,-1569654.4317444116
34,-167.75233879788058,-13.72509694408969,-15716072.459866876,-1467925.3257458906
34,-167.51197650776632,-12.773692654969468,-15710930.238097873,-1366170.9594261027
34,-167.54908200945033,-11.853987363340805,-15729764.998011483,-1267806.7329465451
34,-167.58593829690193,-10.93427727322249,-15747234.628719617,-1169441.9369217
34,-167.6225666822235,-10.014562794989825,-15763413.093210416,-1071076.679900374
34,-167.65898798153742,-9.094844329462507,-15778378.31872996,-972711.1143178244
34,-167.69522256421206,-8.17512226885315,-15792225.600950036,-874345.0127384445
34,-167.7312904000086,-7.255396997675713,-15805054.377080565,-775978.6080253163
34,-167.86856656995644,-6.61316183731504,-15824036.245205311,-707290.3245945461
34,-168.00548638387687,-5.970889148461051,-15842584.383289233,-638598.0329513504
35,131.2420209678926,-0.04297489996969926,12399331.33423335,-4596.2481030025965
35,131.99201658584522,-0.005229258427667268,12470190.170155514,-559.279233820649
35,132.74201211361097,0.03251727911029323,12541046.46343102,3477.785463879486
35,133.49200820215424,0.07025824504335705,12611900.239393728,7514.254267530801
35,134.0312125438307,0.8703738032930919,12662186.60228427,93088.14969904351
35,134.5706457208402,1.670412256716503,12711456.9739598,178653.7961843101
35,135.11051837718549,2.4703026091111067,12759841.358577933,264203.5983050454
35,135.66984264682927,2.951421947143345,12810695.620934,315660.2279453775
35,136.22965129104904,3.4322602780262694,12861318.519420275,367086.8003500091
35,136.7900235698281,3.9127714126511126,12911741.794355238,418478.37502592255
35,137.31453360017503,4.4582225961884605,12958170.804762231,476815.40594346315
35,137.83982259007485,5.003301121014434,13004420.099088151,535112.641730075
35,138.4529455050113,5.4533228567324885,13059357.541022578,583243.3289127466
35,139.06698795286323,5.902722962463694,13114218.155174194,631307.5291594205
35,139.6820263464643,6.351448809480298,13168998.692529205,679299.6157181169
35,140.1155510544616,6.993118465540304,13204971.116648307,747927.414424117
35,140.55026816077716,7.634390634890371,13240669.678240512,816512.710099305
35,140.9862911594095,8.275227201349505,13276074.623453753,885051.4318890983
35,141.72885132881262,8.741001165206425,13341594.332998762,934866.8790787028
35,142.47326718233612,9.205326029304585,13407024.747696914,984527.3551246455
35,143.219637695773,9.668119596568674,13472363.88441967,1034024.0709389577
35,144.1548047571972,10.048929332857258,13556088.295432422,1074752.2472345012
35,145.0921695905921,10.427110486870802,13639816.730049847,1115199.4549091787
35,145.79978671414258,11.079826673844655,13698242.732034529,1185008.7315856663
35,146.5105641280307,11.73088734362434,13756342.902179427,1254640.9465106833
35,147.22469924787782,12.38018445484548,13814110.564187322,1324084.5216131627
35,147.94239092301964,13.027608326932869,13871539.50259835,1393327.7038924892
35,148.28278703510568,13.854138078488853,13889851.08693069,1481726.488710472
35,148.62561333245503,14.680194318995891,13907256.83862245,1570074.47178132
35,148.9710385283964,15.505743874819524,13923728.437418468,1658368.6106407775
35,149.31923567858996,16.330752663792914,13939358.94670777,1746604.0364164223
35,149.21479516068274,17.132242456327393,13912360.53285053,1832324.1385132482
35,149.10945000116743,17.933678192101247,13884649.224186976,1918038.6738213813
35,149.00314668491043,18.735056669346587,13856381.845838241,2003747.459722582
35,148.89582997619618,19.536374582777295,13827714.595061883,2089450.3024525454
35,148.7874427958494,20.33762851617328,13798798.355390238,2175148.9831134914
35,148.38799185181426,21.036567386609896,13745198.8342642,2249903.4198704143
35,147.9847774971398,21.734564427779365,13691058.625730317,2324557.135548471
35,147.57763027126936,22.4315758705188,13636205.46506924,2399105.0554376673
35,147.16637594055078,23.127556560912062,13580470.078519568,2473541.960154677
35,146.7752372004986,23.737021093569105,13528249.771563899,2538724.8000688613
35,146.38042499175305,24.345492466182275,13475099.726765895,2603800.269329501
35,145.98180330085992,24.95293219084221,13420912.30460683,2668763.996951867
35,145.9639783648142,25.852274258890358,13391722.688912792,2764943.241196126
35,145.94588018803438,26.751614117492956,13360501.04647247,2861121.237266977
35,145.84282091730898,27.68408234864837,13318313.81814078,2960844.685673177
35,145.73798644091008,28.616473000866492,13273854.26322642,3060565.958509198
35,145.32748493105723,29.232218726670215,13212311.93439069,3126426.4066863125
35,144.91202094187977,29.846695933950745,13149572.652181778,3192156.365644684
35,144.4914174229762,30.45985659798325,13085640.482854987,3257753.1993948338
35,144.45651705146417,31.105590599065003,13054378.645945258,3326837.0863789767
35,144.4211387606524,31.75131506787207,13022125.016971609,3395919.6239304766
35,144.138305498626,32.490685135426716,12962284.113660859,3475014.791685498
35,143.85078683256123,33.22941213869522,12901033.685475042,3554028.5274086646
35,143.8403658704126,33.67579411489973,12878177.349463744,3601764.375556728
36,131.89121302631142,-0.8703602784111981,12460016.749071693,-93086.70318696718
36,132.63627631442284,-1.1066109873146592,12530012.657584446,-118354.16981536141
36,133.37565107581463,-1.4895010055084805,12599040.809224399,-159304.9913405837
36,134.11528275324818,-1.8721430109759705,12667870.68539583,-200229.2864749803
36,134.85523727907122,-2.2544731281084114,12736518.925540946,-241120.22335722728
36,135.5955804851266,-2.6364274220457284,12805002.530420084,-281970.9637909505
36,136.2205988045853,-2.993955740413791,12862513.332199156,-320209.29801751015
36,136.84602502183492,-3.351128203147386,12919906.324868811,-358409.57113501366
36,137.47190773663286,-3.7079019902453103,12977195.811667988,-396567.2032693356
36,137.97349404723826,-3.5575080602577134,13025322.70200056,-380482.2879041428
36,138.47491653213012,-3.4068422794603914,13073418.428603146,-364368.2972275608
36,139.38745880859258,-3.0455299622729073,13161305.67036645,-325725.25908657955
36,140.29938831562103,-2.683447088550062,13249011.709317885,-286999.8067169059
36,141.21077727983158,-2.3206858419284337,13336527.331636898,-248201.79953163242
36,142.1216983041227,-1.9573383607339918,13423843.057243416,-209341.0921016861
36,143.02328302908427,-1.902505725433987,13509179.45460135,-203476.63687402377
36,143.9248101909144,-1.8472023969676243,13594509.759265488,-197561.84008654772
36,144.82628099688952,-1.791442096261732,13679833.829137864,-191598.16921874203
36,145.72769670978,-1.7352386541666343,13765151.523481356,-185587.10350667592
36,146.62905864658632,-1.678606008048093,13850462.703053527,-179530.13357850458
36,147.53036817722364,-1.621558198360546,13935767.230246408,-173428.76108797014
36,148.37384430586263,-1.8732560916062035,14014660.684881296,-200348.33257798353
36,149.21756264237686,-2.124548191576074,14093473.043218462,-227224.50318253116
36,150.06155531715723,-2.3753798743468995,14172210.602272928,-254051.43070202586
36,150.90585426412574,-2.625696545287556,14250879.782001635,-280823.27607099497
36,151.75049119734166,-2.8754436429532233,14329487.114539448,-307534.20377471327
36,152.5954975875918,-3.1245666431181394,14408039.233214606,-334178.3822806542
36,153.4110416865147,-3.4544108701882426,14483275.413817583,-369455.84815679607
36,154.22715218437082,-3.783556438647155,14558425.760477558,-404658.5895302434
36,155.04388227038612,-4.1119360366303725,14633504.29530006,-439779.40712521074
36,155.86128479041366,-4.439482306108212,14708525.189451989,-474811.0967320684
36,156.679412215258,-4.766127840176272,14783502.739504755,-509746.44891784806
36,157.49831660861915,-5.091805180684252,14858451.381702824,-544578.3208316586
36,158.28569344170683,-5.612224612861429,14928838.778790057,-600238.1756133818
36,159.07447565296678,-6.131589071431196,14999105.99159931,-655785.1966555009
36,159.86479384883594,-6.64979805768948,15069247.425091932,-711208.6384979568
36,160.6567784669502,-7.166750526437331,15139257.566208193,-766497.6971906216
36,161.5177608181341,-7.527382048085431,15216972.714055037,-805067.9344301493
36,162.3801731515467,-7.886330540325613,15294663.517374177,-843458.1727391442
36,163.244079849354,-8.243511753898941,15372331.182606677,-881659.4024377336
36,164.08341235311204,-8.194694032383769,15451886.821340771,-876438.2512515604
36,164.92253526175236,-8.144142101893644,15531443.549944194,-871031.6231303441
36,165.76144269409068,-8.091867242860845,15611000.637315912,-865440.7245480504
36,166.60012895973483,-8.03788110855304,15690557.353517763,-859666.8018538315
36,167.5136493190288,-7.871800939566988,15778339.47525216,-841904.2036256739
36,168.4264334354652,-7.703746402636628,15866059.6633391,-823930.4440413531
36,169.33848938701843,-7.533761715141632,15953717.477485914,-805750.2521703072
36,170.2498259647228,-7.361891463499188,16041312.584197327,-787368.3965433184
36,171.1604526606249,-7.18818059021092,16128844.758318061,-768789.6837671921
36,172.07037965518816,-7.0126743811160575,16216313.884401187,-750018.957161518
36,172.97961780417296,-6.835418452854759,16303719.957898354,-731061.0954179286
36,173.98257958345013,-6.835930113745172,16398246.43482304,-731115.8185313294
36,174.98553915629364,-6.834366952946659,16492792.78426593,-730948.6354863951
36,175.988487818849,-6.830729462998965,16587358.516899457,-730559.5989613731
36,176.9914168810111,-6.825018789997904,16681943.12403343,-729948.8315338189
36,177.99431767737337,-6.817236733117519,16776546.078136755,-729116.5256294846
36,178.997181578142,-6.807385743860351,16871166.83340119,-728062.9434421231
36,179.99999999,-6.795468925036619,16965804.825404566,-726788.4168242998
37,-179.99999999,-6.795468925036619,-16965804.825404566,-726788.4168242998
37,-179.28896419515897,-6.785769362013883,-16898882.506302338,-725751.0299667136
37,-178.57795856366715,-6.775034550775829,-16831972.35428128,-724602.92133
37,-177.67300773687313,-6.715103664590585,-16747260.456747796,-718193.1982214949
37,-176.7682828574218,-6.653513358107898,-16662576.04237194,-711605.9969911209
37,-175.86378786083512,-6.590279403793029,-16577918.857052987,-704843.0045336961
37,-174.95952644951427,-6.5254179789018165,-16493288.630864644,-697905.9510363855
37,-174.05550208934446,-6.458945660247829,-16408685.078508357,-690796.6094189896
37,-173.15171800655568,-6.390879418878228,-16324107.899766266,-683516.7947644738
37,-172.24817718484107,-6.321236614662466,-16239556.779952534,-676068.3637401738
37,-171.34488236273512,-6.2500349907978805,-16155031.390362177,-668453.2140101183
37,-170.50970745377265,-6.182187995387593,-16076887.713776985,-661196.8482294527
37,-169.67474881870774,-6.113037964780593,-15998765.518867332,-653801.1203638824
37,-168.84000800757596,-6.042599920571773,-15920664.510179132,-646267.6369953093
37,-168.00548638387687,-5.970889148461051,-15842584.383289233,-638598.0329513504
